<?xml version="1.0" encoding="UTF-8"?>
<project-private xmlns="http://www.netbeans.org/ns/project-private/1">
    <editor-bookmarks xmlns="http://www.netbeans.org/ns/editor-bookmarks/2" lastBookmarkId="0"/>
    <open-files xmlns="http://www.netbeans.org/ns/projectui-open-files/2">
        <group>
            <file>file:/D:/ROBOT/NM/src/nm/NM.java</file>
            <file>file:/D:/ROBOT/NM/src/nm2/Writer.java</file>
            <file>file:/D:/ROBOT/NM/src/nm2/NM2.java</file>
            <file>file:/D:/ROBOT/NM/src/Sever/ServerMain.java</file>
        </group>
    </open-files>
</project-private>
